"","Bird","SubTraj","vessel_class","DateTime","Latitude","Longitude","fishing"
"1","63F red",270,"trawlers",2017-12-23 13:10:10,-54.094965,-62.95117333,1
"4","63F red",270,"trawlers",2017-12-23 13:13:10,-54.0975737523591,-62.9496872732887,1
"6","63F red",270,"trawlers",2017-12-23 13:16:10,-54.0995274579473,-62.945663297306,1
"7","63F red",270,"trawlers",2017-12-23 13:19:10,-54.1004630993081,-62.9404706942087,1
"8","63F red",270,"trawlers",2017-12-23 13:22:10,-54.1010265875666,-62.9354725599435,1
"8.1","63F red",270,"trawlers",2017-12-23 13:25:10,-54.1015037700664,-62.9308846637788,1
"9","63F red",270,"trawlers",2017-12-23 13:28:10,-54.1019929881737,-62.9259614602081,1
"10","63F red",270,"trawlers",2017-12-23 13:31:10,-54.1023486862546,-62.9209163647528,1
"10.1","63F red",270,"trawlers",2017-12-23 13:34:10,-54.1025308001343,-62.9160193664173,1
"10.2","63F red",270,"trawlers",2017-12-23 13:37:10,-54.1027127147511,-62.911122325196,1
"12","63F red",270,"trawlers",2017-12-23 13:40:10,-54.1029066709411,-62.9060980285391,1
"15","63F red",270,"trawlers",2017-12-23 13:43:10,-54.102990662204,-62.9010095760816,1
"17","63F red",270,"trawlers",2017-12-23 13:46:10,-54.1031771142287,-62.8958803341052,1
"20","63F red",270,"trawlers",2017-12-23 13:49:10,-54.1033860263116,-62.8906362230321,1
"23","63F red",270,"trawlers",2017-12-23 13:52:10,-54.1035641634795,-62.8854625200085,1
"25","63F red",270,"trawlers",2017-12-23 13:55:10,-54.103898867385,-62.8805203631376,1
"25.1","63F red",270,"trawlers",2017-12-23 13:58:10,-54.1042721059877,-62.8755825119759,1
"25.2","63F red",270,"trawlers",2017-12-23 14:01:10,-54.1046451419735,-62.8706445721569,1
"29","75F red",352,"trawlers",2017-12-26 03:51:04,-53.83205333,-64.22709333,1
"31","75F red",352,"trawlers",2017-12-26 03:54:04,-53.8267797880643,-64.2346799407828,1
"33","75F red",352,"trawlers",2017-12-26 03:57:04,-53.8263499959629,-64.2287351440473,1
"34","75F red",352,"trawlers",2017-12-26 04:00:04,-53.8268555796688,-64.2223614038697,1
"34.1","75F red",352,"trawlers",2017-12-26 04:03:04,-53.8274077356125,-64.2159408139424,1
"36","75F red",352,"trawlers",2017-12-26 04:06:04,-53.8284278534646,-64.2094478292,1
"38","75F red",352,"trawlers",2017-12-26 04:09:04,-53.8301750123047,-64.2044894143626,1
"40","75F red",352,"trawlers",2017-12-26 04:12:04,-53.8321005890564,-64.1999297988423,1
"43","75F red",352,"trawlers",2017-12-26 04:15:04,-53.8338170867139,-64.1957984517368,1
"44","75F red",352,"trawlers",2017-12-26 04:18:04,-53.8356804963235,-64.1913642625859,1
"45","75F red",352,"trawlers",2017-12-26 04:21:04,-53.8375483132444,-64.1869138675307,1
"47","75F red",352,"trawlers",2017-12-26 04:24:04,-53.8392753007025,-64.1825462397755,1
"50","75F red",352,"trawlers",2017-12-26 04:27:04,-53.8411080454066,-64.1782384666272,1
"51","75F red",352,"trawlers",2017-12-26 04:30:04,-53.8430249397474,-64.1742690880856,1
"53","75F red",352,"trawlers",2017-12-26 04:33:04,-53.845126625113,-64.1699094052928,1
"56","75F red",352,"trawlers",2017-12-26 04:36:04,-53.8471652004267,-64.1657795005476,1
"58","75F red",352,"trawlers",2017-12-26 04:39:04,-53.8491764020552,-64.161544158286,1
"59","75F red",352,"trawlers",2017-12-26 04:42:04,-53.8515234620836,-64.1571709897758,1
"60","75F red",352,"trawlers",2017-12-26 04:45:04,-53.8538799161409,-64.1528143015561,1
"64","75F red",352,"trawlers",2017-12-26 04:48:04,-53.856493744416,-64.1497548568393,1
"67","75F red",352,"trawlers",2017-12-26 04:51:04,-53.8596183608022,-64.1474032811475,1
"70","75F red",352,"trawlers",2017-12-26 04:54:04,-53.862949865731,-64.1458736242573,1
"70.1","75F red",352,"trawlers",2017-12-26 04:57:04,-53.8648936547543,-64.1437866169505,1
"70.2","75F red",352,"trawlers",2017-12-26 05:00:04,-53.8668374068515,-64.1416994161499,1
"70.3","75F red",352,"trawlers",2017-12-26 05:03:04,-53.8687811220166,-64.1396120218275,1
"70.4","75F red",352,"trawlers",2017-12-26 05:06:04,-53.8707248002438,-64.1375244339552,1
"70.5","75F red",352,"trawlers",2017-12-26 05:09:04,-53.8726684415272,-64.1354366525049,1
"70.6","75F red",352,"trawlers",2017-12-26 05:12:04,-53.8746120458609,-64.1333486774485,1
"70.7","75F red",352,"trawlers",2017-12-26 05:15:04,-53.8765556132389,-64.1312605087578,1
"70.8","75F red",352,"trawlers",2017-12-26 05:18:04,-53.8784991436555,-64.1291721464049,1
"70.9","75F red",352,"trawlers",2017-12-26 05:21:04,-53.8804426371045,-64.1270835903615,1
"70.10","75F red",352,"trawlers",2017-12-26 05:24:04,-53.8823860935802,-64.1249948405995,1
"70.11","75F red",352,"trawlers",2017-12-26 05:27:04,-53.8843295130767,-64.1229058970908,1
"70.12","75F red",352,"trawlers",2017-12-26 05:30:04,-53.886272895588,-64.1208167598073,1
"70.13","75F red",352,"trawlers",2017-12-26 05:33:04,-53.8882162411083,-64.1187274287209,1
"70.14","75F red",352,"trawlers",2017-12-26 05:36:04,-53.8901595496316,-64.1166379038033,1
"70.15","75F red",352,"trawlers",2017-12-26 05:39:04,-53.892102821152,-64.1145481850265,1
"70.16","75F red",352,"trawlers",2017-12-26 05:42:04,-53.8940460556636,-64.1124582723623,1
"70.17","75F red",352,"trawlers",2017-12-26 05:45:04,-53.8959892531605,-64.1103681657826,1
"70.18","75F red",352,"trawlers",2017-12-26 05:48:04,-53.8979324136367,-64.1082778652592,1
"70.19","75F red",352,"trawlers",2017-12-26 05:51:04,-53.8998755370865,-64.106187370764,1
"70.20","75F red",352,"trawlers",2017-12-26 05:54:04,-53.9018186235037,-64.1040966822687,1
"70.21","75F red",352,"trawlers",2017-12-26 05:57:04,-53.9037616728826,-64.1020057997452,1
"70.22","75F red",352,"trawlers",2017-12-26 06:00:04,-53.9057046852172,-64.0999147231654,1
"70.23","75F red",352,"trawlers",2017-12-26 06:03:04,-53.9076476605016,-64.097823452501,1
"70.24","75F red",352,"trawlers",2017-12-26 06:06:04,-53.9095905987299,-64.0957319877239,1
"70.25","75F red",352,"trawlers",2017-12-26 06:09:04,-53.9115334998961,-64.0936403288058,1
"70.26","75F red",352,"trawlers",2017-12-26 06:12:04,-53.9134763639943,-64.0915484757187,1
"70.27","75F red",352,"trawlers",2017-12-26 06:15:04,-53.9154191910186,-64.0894564284343,1
"70.28","75F red",352,"trawlers",2017-12-26 06:18:04,-53.9173619809631,-64.0873641869244,1
"71","75F red",352,"trawlers",2017-12-26 06:21:04,-53.9180700948476,-64.086330452562,1
"73","75F red",352,"trawlers",2017-12-26 06:24:04,-53.9151224797755,-64.0886990131337,1
"75","75F red",352,"trawlers",2017-12-26 06:27:04,-53.9121441109678,-64.0911182701672,1
"76","75F red",352,"trawlers",2017-12-26 06:30:04,-53.9092068040344,-64.0931686038924,1
"76.1","75F red",352,"trawlers",2017-12-26 06:33:04,-53.9062763298287,-64.0951217521104,1
"76.2","75F red",352,"trawlers",2017-12-26 06:36:04,-53.9033458224195,-64.0970746269377,1
"76.3","75F red",352,"trawlers",2017-12-26 06:39:04,-53.9004152818148,-64.0990272284388,1
"76.4","75F red",352,"trawlers",2017-12-26 06:42:04,-53.8974847080223,-64.1009795566786,1
"76.5","75F red",352,"trawlers",2017-12-26 06:45:04,-53.8945541010496,-64.1029316117214,1
"76.6","75F red",352,"trawlers",2017-12-26 06:48:04,-53.8916234609046,-64.1048833936319,1
"76.7","75F red",352,"trawlers",2017-12-26 06:51:04,-53.888692787595,-64.1068349024747,1
"78","75F red",352,"trawlers",2017-12-26 06:54:04,-53.8856587379871,-64.1084651332803,1
"78.1","75F red",352,"trawlers",2017-12-26 06:57:04,-53.8826273559111,-64.1099553129691,1
"78.2","75F red",352,"trawlers",2017-12-26 07:00:04,-53.8795959537995,-64.111445277077,1
"78.3","75F red",352,"trawlers",2017-12-26 07:03:04,-53.8765645316569,-64.1129350256579,1
"79","75F red",352,"trawlers",2017-12-26 07:06:04,-53.8734072768511,-64.1144772001451,1
"79.1","75F red",352,"trawlers",2017-12-26 07:09:04,-53.8700057823331,-64.1161212186821,1
"81","75F red",352,"trawlers",2017-12-26 07:12:04,-53.8667607693349,-64.1175141406371,1
"83","75F red",352,"trawlers",2017-12-26 07:15:04,-53.8641380318491,-64.1184944101315,1
"83.1","75F red",352,"trawlers",2017-12-26 07:18:04,-53.8635027211767,-64.1184442570697,1
"83.2","75F red",352,"trawlers",2017-12-26 07:21:04,-53.8628674104157,-64.1183941055275,1
"83.3","75F red",352,"trawlers",2017-12-26 07:24:04,-53.862232099566,-64.1183439555048,1
"83.4","75F red",352,"trawlers",2017-12-26 07:27:04,-53.8615967886277,-64.1182938070016,1
"83.5","75F red",352,"trawlers",2017-12-26 07:30:04,-53.8609614776008,-64.1182436600177,1
"83.6","75F red",352,"trawlers",2017-12-26 07:33:04,-53.8603261664852,-64.1181935145531,1
"83.7","75F red",352,"trawlers",2017-12-26 07:36:04,-53.859690855281,-64.1181433706077,1
"83.8","75F red",352,"trawlers",2017-12-26 07:39:04,-53.8590555439882,-64.1180932281815,1
"83.9","75F red",352,"trawlers",2017-12-26 07:42:04,-53.8584202326068,-64.1180430872743,1
"83.10","75F red",352,"trawlers",2017-12-26 07:45:04,-53.8577849211367,-64.117992947886,1
"83.11","75F red",352,"trawlers",2017-12-26 07:48:04,-53.857149609578,-64.1179428100166,1
"83.12","75F red",352,"trawlers",2017-12-26 07:51:04,-53.8565142979307,-64.1178926736661,1
"83.13","75F red",352,"trawlers",2017-12-26 07:54:04,-53.8558789861948,-64.1178425388342,1
"83.14","75F red",352,"trawlers",2017-12-26 07:57:04,-53.8552436743702,-64.117792405521,1
"83.15","75F red",352,"trawlers",2017-12-26 08:00:04,-53.854608362457,-64.1177422737263,1
"83.16","75F red",352,"trawlers",2017-12-26 08:03:04,-53.8539730504552,-64.1176921434502,1
"83.17","75F red",352,"trawlers",2017-12-26 08:06:04,-53.8533377383648,-64.1176420146924,1
"83.18","75F red",352,"trawlers",2017-12-26 08:09:04,-53.8527024261858,-64.1175918874529,1
"83.19","75F red",352,"trawlers",2017-12-26 08:12:04,-53.8520671139181,-64.1175417617316,1
"83.20","75F red",352,"trawlers",2017-12-26 08:15:04,-53.8514318015618,-64.1174916375285,1
"83.21","75F red",352,"trawlers",2017-12-26 08:18:04,-53.8507964891169,-64.1174415148435,1
"83.22","75F red",352,"trawlers",2017-12-26 08:21:04,-53.8501611765833,-64.1173913936764,1
"83.23","75F red",352,"trawlers",2017-12-26 08:24:04,-53.8495258639612,-64.1173412740273,1
"83.24","75F red",352,"trawlers",2017-12-26 08:27:04,-53.8488905512504,-64.117291155896,1
"83.25","75F red",352,"trawlers",2017-12-26 08:30:04,-53.8482552384511,-64.1172410392824,1
"83.26","75F red",352,"trawlers",2017-12-26 08:33:04,-53.8476199255631,-64.1171909241865,1
"83.27","75F red",352,"trawlers",2017-12-26 08:36:04,-53.8469846125865,-64.1171408106081,1
"83.28","75F red",352,"trawlers",2017-12-26 08:39:04,-53.8463492995212,-64.1170906985473,1
"83.29","75F red",352,"trawlers",2017-12-26 08:42:04,-53.8457139863674,-64.1170405880039,1
"83.30","75F red",352,"trawlers",2017-12-26 08:45:04,-53.8450786731249,-64.1169904789778,1
"83.31","75F red",352,"trawlers",2017-12-26 08:48:04,-53.8444433597939,-64.116940371469,1
"83.32","75F red",352,"trawlers",2017-12-26 08:51:04,-53.8438080463742,-64.1168902654773,1
"83.33","75F red",352,"trawlers",2017-12-26 08:54:04,-53.8431727328659,-64.1168401610027,1
"83.34","75F red",352,"trawlers",2017-12-26 08:57:04,-53.842537419269,-64.1167900580452,1
"83.35","75F red",352,"trawlers",2017-12-26 09:00:04,-53.8419021055835,-64.1167399566046,1
"83.36","75F red",352,"trawlers",2017-12-26 09:03:04,-53.8412667918094,-64.1166898566808,1
"83.37","75F red",352,"trawlers",2017-12-26 09:06:04,-53.8406314779466,-64.1166397582738,1
"83.38","75F red",352,"trawlers",2017-12-26 09:09:04,-53.8399961639953,-64.1165896613835,1
"83.39","75F red",352,"trawlers",2017-12-26 09:12:04,-53.8393608499554,-64.1165395660098,1
"83.40","75F red",352,"trawlers",2017-12-26 09:15:04,-53.8387255358268,-64.1164894721526,1
"83.41","75F red",352,"trawlers",2017-12-26 09:18:04,-53.8380902216096,-64.1164393798119,1
"83.42","75F red",352,"trawlers",2017-12-26 09:21:04,-53.8374549073039,-64.1163892889875,1
"83.43","75F red",352,"trawlers",2017-12-26 09:24:04,-53.8368195929095,-64.1163391996794,1
"83.44","75F red",352,"trawlers",2017-12-26 09:27:04,-53.8361842784265,-64.1162891118876,1
"83.45","75F red",352,"trawlers",2017-12-26 09:30:04,-53.8355489638549,-64.1162390256118,1
"83.46","75F red",352,"trawlers",2017-12-26 09:33:04,-53.8349136491948,-64.1161889408521,1
"83.47","75F red",352,"trawlers",2017-12-26 09:36:04,-53.834278334446,-64.1161388576083,1
"83.48","75F red",352,"trawlers",2017-12-26 09:39:04,-53.8336430196086,-64.1160887758804,1
"83.49","75F red",352,"trawlers",2017-12-26 09:42:04,-53.8330077046826,-64.1160386956683,1
"83.50","75F red",352,"trawlers",2017-12-26 09:45:04,-53.832372389668,-64.1159886169719,1
"83.51","75F red",352,"trawlers",2017-12-26 09:48:04,-53.8317370745648,-64.1159385397912,1
"83.52","75F red",352,"trawlers",2017-12-26 09:51:04,-53.831101759373,-64.115888464126,1
"83.53","75F red",352,"trawlers",2017-12-26 09:54:04,-53.8304664440926,-64.1158383899763,1
"83.54","75F red",352,"trawlers",2017-12-26 09:57:04,-53.8298311287236,-64.1157883173419,1
"83.55","75F red",352,"trawlers",2017-12-26 10:00:04,-53.8291958132661,-64.1157382462229,1
"83.56","75F red",352,"trawlers",2017-12-26 10:03:04,-53.8285604977199,-64.1156881766191,1
"83.57","75F red",352,"trawlers",2017-12-26 10:06:04,-53.8279251820851,-64.1156381085305,1
"83.58","75F red",352,"trawlers",2017-12-26 10:09:04,-53.8272898663617,-64.1155880419569,1
"83.59","75F red",352,"trawlers",2017-12-26 10:12:04,-53.8266545505497,-64.1155379768983,1
"83.60","75F red",352,"trawlers",2017-12-26 10:15:04,-53.8260192346492,-64.1154879133546,1
"83.61","75F red",352,"trawlers",2017-12-26 10:18:04,-53.82538391866,-64.1154378513258,1
"83.62","75F red",352,"trawlers",2017-12-26 10:21:04,-53.8247486025823,-64.1153877908116,1
"83.63","75F red",352,"trawlers",2017-12-26 10:24:04,-53.8241132864159,-64.1153377318122,1
"83.64","75F red",352,"trawlers",2017-12-26 10:27:04,-53.823477970161,-64.1152876743273,1
"83.65","75F red",352,"trawlers",2017-12-26 10:30:04,-53.8228426538174,-64.1152376183569,1
"83.66","75F red",352,"trawlers",2017-12-26 10:33:04,-53.8222073373853,-64.115187563901,1
"84","75F red",352,"trawlers",2017-12-26 10:36:04,-53.8243290641915,-64.114940894514,1
"85","75F red",352,"trawlers",2017-12-26 10:39:04,-53.8275874799537,-64.1145973025985,1
"85.1","75F red",352,"trawlers",2017-12-26 10:42:04,-53.8301344361959,-64.1117121943581,1
"85.2","75F red",352,"trawlers",2017-12-26 10:45:04,-53.8326813219632,-64.1088267360703,1
"85.3","75F red",352,"trawlers",2017-12-26 10:48:04,-53.8352281372408,-64.1059409276694,1
"85.4","75F red",352,"trawlers",2017-12-26 10:51:04,-53.837774882014,-64.10305476909,1
"86","75F red",352,"trawlers",2017-12-26 10:54:04,-53.8394928818723,-64.1010569872823,1
"86.1","75F red",352,"trawlers",2017-12-26 10:57:04,-53.8377419906794,-64.1027813902405,1
"86.2","75F red",352,"trawlers",2017-12-26 11:00:04,-53.835991074192,-64.1045056493429,1
"86.3","75F red",352,"trawlers",2017-12-26 11:03:04,-53.834240132414,-64.1062297646087,1
"86.4","75F red",352,"trawlers",2017-12-26 11:06:04,-53.8324891653488,-64.1079537360571,1
"86.5","75F red",352,"trawlers",2017-12-26 11:09:04,-53.8307381730002,-64.1096775637073,1
"86.6","75F red",352,"trawlers",2017-12-26 11:12:04,-53.8289871553718,-64.1114012475783,1
"86.7","75F red",352,"trawlers",2017-12-26 11:15:04,-53.827236112467,-64.1131247876894,1
"86.8","75F red",352,"trawlers",2017-12-26 11:18:04,-53.8254850442897,-64.1148481840598,1
"86.9","75F red",352,"trawlers",2017-12-26 11:21:04,-53.8237339508434,-64.1165714367085,1
"86.10","75F red",352,"trawlers",2017-12-26 11:24:04,-53.8219828321316,-64.1182945456548,1
"86.11","75F red",352,"trawlers",2017-12-26 11:27:04,-53.8202316881581,-64.1200175109179,1
"86.12","75F red",352,"trawlers",2017-12-26 11:30:04,-53.8184805189265,-64.1217403325168,1
"86.13","75F red",352,"trawlers",2017-12-26 11:33:04,-53.8167293244403,-64.1234630104707,1
"86.14","75F red",352,"trawlers",2017-12-26 11:36:04,-53.8149781047032,-64.1251855447987,1
"86.15","75F red",352,"trawlers",2017-12-26 11:39:04,-53.8132268597188,-64.1269079355201,1
"86.16","75F red",352,"trawlers",2017-12-26 11:42:04,-53.8114755894907,-64.1286301826539,1
"86.17","75F red",352,"trawlers",2017-12-26 11:45:04,-53.8097242940226,-64.1303522862193,1
"86.18","75F red",352,"trawlers",2017-12-26 11:48:04,-53.8079729733179,-64.1320742462354,1
"86.19","75F red",352,"trawlers",2017-12-26 11:51:04,-53.8062216273804,-64.1337960627214,1
"86.20","75F red",352,"trawlers",2017-12-26 11:54:04,-53.8044702562137,-64.1355177356964,1
"86.21","75F red",352,"trawlers",2017-12-26 11:57:04,-53.8027188598213,-64.1372392651794,1
"86.22","75F red",352,"trawlers",2017-12-26 12:00:04,-53.800967438207,-64.1389606511897,1
"86.23","75F red",352,"trawlers",2017-12-26 12:03:04,-53.7992159913742,-64.1406818937463,1
"86.24","75F red",352,"trawlers",2017-12-26 12:06:04,-53.7974645193266,-64.1424029928684,1
"86.25","75F red",352,"trawlers",2017-12-26 12:09:04,-53.7957130220677,-64.1441239485751,1
"86.26","75F red",352,"trawlers",2017-12-26 12:12:04,-53.7939614996013,-64.1458447608855,1
"86.27","75F red",352,"trawlers",2017-12-26 12:15:04,-53.792209951931,-64.1475654298186,1
"86.28","75F red",352,"trawlers",2017-12-26 12:18:04,-53.7904583790602,-64.1492859553937,1
"86.29","75F red",352,"trawlers",2017-12-26 12:21:04,-53.7887067809927,-64.1510063376298,1
"86.30","75F red",352,"trawlers",2017-12-26 12:24:04,-53.786955157732,-64.152726576546,1
"86.31","75F red",352,"trawlers",2017-12-26 12:27:04,-53.7852035092817,-64.1544466721614,1
"86.32","75F red",352,"trawlers",2017-12-26 12:30:04,-53.7834518356455,-64.1561666244951,1
"86.33","75F red",352,"trawlers",2017-12-26 12:33:04,-53.781700136827,-64.1578864335662,1
"86.34","75F red",352,"trawlers",2017-12-26 12:36:04,-53.7799484128296,-64.1596060993938,1
"86.35","75F red",352,"trawlers",2017-12-26 12:39:04,-53.7781966636572,-64.1613256219969,1
"86.36","75F red",352,"trawlers",2017-12-26 12:42:04,-53.7764448893131,-64.1630450013947,1
"86.37","75F red",352,"trawlers",2017-12-26 12:45:04,-53.7746930898011,-64.1647642376063,1
"86.38","75F red",352,"trawlers",2017-12-26 12:48:04,-53.7729412651248,-64.1664833306506,1
"86.39","75F red",352,"trawlers",2017-12-26 12:51:04,-53.7711894152877,-64.1682022805469,1
"86.40","75F red",352,"trawlers",2017-12-26 12:54:04,-53.7694375402935,-64.1699210873141,1
"86.41","75F red",352,"trawlers",2017-12-26 12:57:04,-53.7676856401457,-64.1716397509713,1
"86.42","75F red",352,"trawlers",2017-12-26 13:00:04,-53.7659337148479,-64.1733582715376,1
"86.43","75F red",352,"trawlers",2017-12-26 13:03:04,-53.7641817644038,-64.175076649032,1
"86.44","75F red",352,"trawlers",2017-12-26 13:06:04,-53.7624297888169,-64.1767948834737,1
"86.45","75F red",352,"trawlers",2017-12-26 13:09:04,-53.7606777880908,-64.1785129748817,1
"86.46","75F red",352,"trawlers",2017-12-26 13:12:04,-53.7589257622292,-64.180230923275,1
"86.47","75F red",352,"trawlers",2017-12-26 13:15:04,-53.7571737112355,-64.1819487286726,1
"86.48","75F red",352,"trawlers",2017-12-26 13:18:04,-53.7554216351135,-64.1836663910937,1
"86.49","75F red",352,"trawlers",2017-12-26 13:21:04,-53.7536695338667,-64.1853839105573,1
"86.50","75F red",352,"trawlers",2017-12-26 13:24:04,-53.7519174074987,-64.1871012870824,1
"86.51","75F red",352,"trawlers",2017-12-26 13:27:04,-53.750165256013,-64.188818520688,1
"86.52","75F red",352,"trawlers",2017-12-26 13:30:04,-53.7484130794133,-64.1905356113932,1
"86.53","75F red",352,"trawlers",2017-12-26 13:33:04,-53.7466608777033,-64.1922525592171,1
"86.54","75F red",352,"trawlers",2017-12-26 13:36:04,-53.7449086508863,-64.1939693641786,1
"86.55","75F red",352,"trawlers",2017-12-26 13:39:04,-53.7431563989661,-64.1956860262968,1
"86.56","75F red",352,"trawlers",2017-12-26 13:42:04,-53.7414041219462,-64.1974025455908,1
"86.57","75F red",352,"trawlers",2017-12-26 13:45:04,-53.7396518198303,-64.1991189220795,1
"86.58","75F red",352,"trawlers",2017-12-26 13:48:04,-53.7378994926218,-64.2008351557819,1
"86.59","75F red",352,"trawlers",2017-12-26 13:51:04,-53.7361471403245,-64.2025512467171,1
"86.60","75F red",352,"trawlers",2017-12-26 13:54:04,-53.7343947629418,-64.2042671949041,1
"86.61","75F red",352,"trawlers",2017-12-26 13:57:04,-53.7326423604774,-64.2059830003619,1
"86.62","75F red",352,"trawlers",2017-12-26 14:00:04,-53.7308899329348,-64.2076986631096,1
"86.63","75F red",352,"trawlers",2017-12-26 14:03:04,-53.7291374803177,-64.209414183166,1
"86.64","75F red",352,"trawlers",2017-12-26 14:06:04,-53.7273850026295,-64.2111295605503,1
"86.65","75F red",352,"trawlers",2017-12-26 14:09:04,-53.725632499874,-64.2128447952814,1
"86.66","75F red",352,"trawlers",2017-12-26 14:12:04,-53.7238799720546,-64.2145598873783,1
"86.67","75F red",352,"trawlers",2017-12-26 14:15:04,-53.722127419175,-64.21627483686,1
"86.68","75F red",352,"trawlers",2017-12-26 14:18:04,-53.7203748412388,-64.2179896437456,1
"86.69","75F red",352,"trawlers",2017-12-26 14:21:04,-53.7186222382494,-64.2197043080539,1
"86.70","75F red",352,"trawlers",2017-12-26 14:24:04,-53.7168696102106,-64.221418829804,1
"86.71","75F red",352,"trawlers",2017-12-26 14:27:04,-53.7151169571258,-64.2231332090149,1
"86.72","75F red",352,"trawlers",2017-12-26 14:30:04,-53.7133642789987,-64.2248474457055,1
"86.73","75F red",352,"trawlers",2017-12-26 14:33:04,-53.7116115758328,-64.2265615398949,1
"87","75F red",352,"trawlers",2017-12-26 14:36:04,-53.7098288250879,-64.2283097091709,1
"88","75F red",352,"trawlers",2017-12-26 14:39:04,-53.7126142174416,-64.2267602464844,1
"88.1","75F red",352,"trawlers",2017-12-26 14:42:04,-53.7153977388882,-64.2253475484095,1
"88.2","75F red",352,"trawlers",2017-12-26 14:45:04,-53.718181242376,-64.2239346637978,1
"90","75F red",352,"trawlers",2017-12-26 14:48:04,-53.7209577493035,-64.2225584193672,1
"93","75F red",352,"trawlers",2017-12-26 14:51:04,-53.7237498936985,-64.2212179937182,1
"96","75F red",352,"trawlers",2017-12-26 14:54:04,-53.7266244490766,-64.2199138989991,1
"99","75F red",352,"trawlers",2017-12-26 14:57:04,-53.7295746352671,-64.218603204278,1
"102","75F red",352,"trawlers",2017-12-26 15:00:04,-53.7325860368847,-64.2173351624231,1
"103","75F red",352,"trawlers",2017-12-26 15:03:04,-53.7355465531997,-64.2161056111958,1
"103.1","75F red",352,"trawlers",2017-12-26 15:06:04,-53.7385395386764,-64.2149421989192,1
"103.2","75F red",352,"trawlers",2017-12-26 15:09:04,-53.7415325113543,-64.2137786213207,1
"103.3","75F red",352,"trawlers",2017-12-26 15:12:04,-53.7445254712309,-64.2126148783595,1
"104","75F red",352,"trawlers",2017-12-26 15:15:04,-53.7474499909075,-64.2113933344927,1
"108","75F red",352,"trawlers",2017-12-26 15:18:04,-53.7505980335592,-64.2103488484249,1
"111","75F red",352,"trawlers",2017-12-26 15:21:04,-53.75346667,-64.20930667,1
"113","75F red",352,"trawlers",2017-12-26 15:24:04,-53.7562342431154,-64.2077924214688,1
"115","75F red",352,"trawlers",2017-12-26 15:27:04,-53.7583778947373,-64.2040565161675,1
"115.1","75F red",352,"trawlers",2017-12-26 15:30:04,-53.7603095140929,-64.199881577388,1
"115.2","75F red",352,"trawlers",2017-12-26 15:33:04,-53.7622409874172,-64.1957062554449,1
"116","75F red",352,"trawlers",2017-12-26 15:36:04,-53.7637689630221,-64.1910265297148,1
"116.1","75F red",352,"trawlers",2017-12-26 15:39:04,-53.7652051205703,-64.1862582856678,1
"117","75F red",352,"trawlers",2017-12-26 15:42:04,-53.7666479866708,-64.1814671523715,1
"119","75F red",352,"trawlers",2017-12-26 15:45:04,-53.7680641161368,-64.1767178075522,1
"119.1","75F red",352,"trawlers",2017-12-26 15:48:04,-53.7694746742069,-64.1719053037885,1
"120","75F red",352,"trawlers",2017-12-26 15:51:04,-53.7704804389437,-64.1668253502074,1
"120.1","75F red",352,"trawlers",2017-12-26 15:54:04,-53.77143475762,-64.161725518883,1
"120.2","75F red",352,"trawlers",2017-12-26 15:57:04,-53.7723888592149,-64.1566254562475,1
"120.3","75F red",352,"trawlers",2017-12-26 16:00:04,-53.7733427437112,-64.1515251623352,1
"120.4","75F red",352,"trawlers",2017-12-26 16:03:04,-53.7742964110915,-64.1464246371799,1
"122","75F red",352,"trawlers",2017-12-26 16:06:04,-53.7752497366091,-64.1413246697391,1
"124","75F red",352,"trawlers",2017-12-26 16:09:04,-53.7762868820715,-64.1360930377424,1
"127","75F red",352,"trawlers",2017-12-26 16:12:04,-53.7772510614244,-64.1308520071724,1
"127.1","75F red",352,"trawlers",2017-12-26 16:15:04,-53.7782987336181,-64.1255670648055,1
"128","75F red",352,"trawlers",2017-12-26 16:18:04,-53.7793506304624,-64.1202601718367,1
"131","75F red",352,"trawlers",2017-12-26 16:21:04,-53.7803454921351,-64.1150030408124,1
"133","75F red",352,"trawlers",2017-12-26 16:24:04,-53.7814147470942,-64.1098342589615,1
"137","75F red",352,"trawlers",2017-12-26 16:27:04,-53.7824048043968,-64.1045544286591,1
"140","75F red",352,"trawlers",2017-12-26 16:30:04,-53.7833624065535,-64.0992484737494,1
"143","75F red",352,"trawlers",2017-12-26 16:33:04,-53.7842627684395,-64.0938318539389,1
"143.1","75F red",352,"trawlers",2017-12-26 16:36:04,-53.7858871704608,-64.0912903308427,1
"143.2","75F red",352,"trawlers",2017-12-26 16:39:04,-53.7875115181704,-64.0887486114041,1
"143.3","75F red",352,"trawlers",2017-12-26 16:42:04,-53.7891358115613,-64.0862066956027,1
"143.4","75F red",352,"trawlers",2017-12-26 16:45:04,-53.7907600506259,-64.0836645834183,1
"143.5","75F red",352,"trawlers",2017-12-26 16:48:04,-53.7923842353571,-64.0811222748305,1
"143.6","75F red",352,"trawlers",2017-12-26 16:51:04,-53.7940083657474,-64.078579769819,1
"143.7","75F red",352,"trawlers",2017-12-26 16:54:04,-53.7956324417896,-64.0760370683635,1
"143.8","75F red",352,"trawlers",2017-12-26 16:57:04,-53.7972564634765,-64.0734941704437,1
"143.9","75F red",352,"trawlers",2017-12-26 17:00:04,-53.7988804308005,-64.0709510760392,1
"143.10","75F red",352,"trawlers",2017-12-26 17:03:04,-53.8005043437545,-64.0684077851297,1
"143.11","75F red",352,"trawlers",2017-12-26 17:06:04,-53.8021282023311,-64.0658642976948,1
"143.12","75F red",352,"trawlers",2017-12-26 17:09:04,-53.8037520065231,-64.0633206137144,1
"143.13","75F red",352,"trawlers",2017-12-26 17:12:04,-53.805375756323,-64.0607767331679,1
"143.14","75F red",352,"trawlers",2017-12-26 17:15:04,-53.8069994517235,-64.0582326560352,1
"143.15","75F red",352,"trawlers",2017-12-26 17:18:04,-53.8086230927175,-64.0556883822958,1
"143.16","75F red",352,"trawlers",2017-12-26 17:21:04,-53.8102466792974,-64.0531439119294,1
"143.17","75F red",352,"trawlers",2017-12-26 17:24:04,-53.811870211456,-64.0505992449158,1
"143.18","75F red",352,"trawlers",2017-12-26 17:27:04,-53.813493689186,-64.0480543812345,1
"143.19","75F red",352,"trawlers",2017-12-26 17:30:04,-53.8151171124801,-64.0455093208652,1
"143.20","75F red",352,"trawlers",2017-12-26 17:33:04,-53.8167404813309,-64.0429640637876,1
"143.21","75F red",352,"trawlers",2017-12-26 17:36:04,-53.818363795731,-64.0404186099813,1
"143.22","75F red",352,"trawlers",2017-12-26 17:39:04,-53.8199870556733,-64.0378729594261,1
"143.23","75F red",352,"trawlers",2017-12-26 17:42:04,-53.8216102611502,-64.0353271121015,1
"143.24","75F red",352,"trawlers",2017-12-26 17:45:04,-53.8232334121546,-64.0327810679873,1
"143.25","75F red",352,"trawlers",2017-12-26 17:48:04,-53.824856508679,-64.030234827063,1
"143.26","75F red",352,"trawlers",2017-12-26 17:51:04,-53.8264795507162,-64.0276883893084,1
"143.27","75F red",352,"trawlers",2017-12-26 17:54:04,-53.8281025382587,-64.0251417547031,1
"143.28","75F red",352,"trawlers",2017-12-26 17:57:04,-53.8297254712994,-64.0225949232267,1
"146","75F red",352,"trawlers",2017-12-26 18:00:04,-53.8318945250697,-64.0255800018814,1
"149","75F red",352,"trawlers",2017-12-26 18:03:04,-53.8340056617253,-64.0290955204695,1
"151","75F red",352,"trawlers",2017-12-26 18:06:04,-53.8363265567887,-64.0328544686145,1
"151.1","75F red",352,"trawlers",2017-12-26 18:09:04,-53.8386962857974,-64.0366565292634,1
"151.2","75F red",352,"trawlers",2017-12-26 18:12:04,-53.8410658933759,-64.0404590192419,1
"151.3","75F red",352,"trawlers",2017-12-26 18:15:04,-53.8434353795003,-64.0442619386138,1
"151.4","75F red",352,"trawlers",2017-12-26 18:18:04,-53.8458047441465,-64.0480652874429,1
"151.5","75F red",352,"trawlers",2017-12-26 18:21:04,-53.8481739872909,-64.0518690657931,1
"151.6","75F red",352,"trawlers",2017-12-26 18:24:04,-53.8505431089094,-64.0556732737283,1
"151.7","75F red",352,"trawlers",2017-12-26 18:27:04,-53.8529121089781,-64.0594779113124,1
"151.8","75F red",352,"trawlers",2017-12-26 18:30:04,-53.8552809874732,-64.0632829786092,1
"155","75F red",352,"trawlers",2017-12-26 18:33:04,-53.8576441292131,-64.0672249939082,1
"157","75F red",352,"trawlers",2017-12-26 18:36:04,-53.8595654967766,-64.0717571906907,1
"160","75F red",352,"trawlers",2017-12-26 18:39:04,-53.8613968759723,-64.0762053680931,1
"162","75F red",352,"trawlers",2017-12-26 18:42:04,-53.8632687093084,-64.0805457796918,1
"166","75F red",353,"trawlers",2017-12-26 03:51:29,-53.88792,-64.17581333,1
"169","75F red",353,"trawlers",2017-12-26 03:54:29,-53.89050667,-64.17216,1
"170","75F red",353,"trawlers",2017-12-26 03:57:29,-53.8934154251679,-64.1679480467718,1
"170.1","75F red",353,"trawlers",2017-12-26 04:00:29,-53.89631282248,-64.1637357038235,1
"170.2","75F red",353,"trawlers",2017-12-26 04:03:29,-53.8992100705818,-64.159522778061,1
"171","75F red",353,"trawlers",2017-12-26 04:06:29,-53.9020872333534,-64.1554830003415,1
"171.1","75F red",353,"trawlers",2017-12-26 04:09:29,-53.9049510750592,-64.1514943419546,1
"175","75F red",353,"trawlers",2017-12-26 04:12:29,-53.9080029614008,-64.147633397182,1
"175.1","75F red",353,"trawlers",2017-12-26 04:15:29,-53.9109976942937,-64.1436647460827,1
"176","75F red",353,"trawlers",2017-12-26 04:18:29,-53.9140886159234,-64.1393828684163,1
"177","75F red",353,"trawlers",2017-12-26 04:21:29,-53.9171493970075,-64.1350920577761,1
"178","75F red",353,"trawlers",2017-12-26 04:24:29,-53.9199477071862,-64.1308535557251,1
"178.1","75F red",353,"trawlers",2017-12-26 04:27:29,-53.9226577030246,-64.1266690574556,1
"179","75F red",353,"trawlers",2017-12-26 04:30:29,-53.925491276849,-64.1225345341708,1
"179.1","75F red",353,"trawlers",2017-12-26 04:33:29,-53.9284785865373,-64.1184849726593,1
"180","75F red",353,"trawlers",2017-12-26 04:36:29,-53.9319363719387,-64.1165337240081,1
"180.1","75F red",353,"trawlers",2017-12-26 04:39:29,-53.9354914041412,-64.1150420762668,1
"180.2","75F red",353,"trawlers",2017-12-26 04:42:29,-53.9390464157,-64.1135501749247,1
"180.3","75F red",353,"trawlers",2017-12-26 04:45:29,-53.9426014066097,-64.1120580199068,1
"180.4","75F red",353,"trawlers",2017-12-26 04:48:29,-53.9461563768648,-64.1105656111384,1
"181","75F red",353,"trawlers",2017-12-26 04:51:29,-53.9498933258256,-64.1110926412703,1
"182","75F red",353,"trawlers",2017-12-26 04:54:29,-53.9507440284075,-64.1125404137815,1
"182.1","75F red",353,"trawlers",2017-12-26 04:57:29,-53.9482537260235,-64.1137411917622,1
"182.2","75F red",353,"trawlers",2017-12-26 05:00:29,-53.9457634106004,-64.1149418266892,1
"182.3","75F red",353,"trawlers",2017-12-26 05:03:29,-53.9432730821405,-64.1161423185918,1
"182.4","75F red",353,"trawlers",2017-12-26 05:06:29,-53.9407827406464,-64.1173426674994,1
"182.5","75F red",353,"trawlers",2017-12-26 05:09:29,-53.9382923861205,-64.1185428734415,1
"182.6","75F red",353,"trawlers",2017-12-26 05:12:29,-53.9358020185654,-64.1197429364474,1
"182.7","75F red",353,"trawlers",2017-12-26 05:15:29,-53.9333116379834,-64.1209428565465,1
"182.8","75F red",353,"trawlers",2017-12-26 05:18:29,-53.9308212443771,-64.122142633768,1
"182.9","75F red",353,"trawlers",2017-12-26 05:21:29,-53.9283308377489,-64.1233422681415,1
"182.10","75F red",353,"trawlers",2017-12-26 05:24:29,-53.9258404181014,-64.1245417596962,1
"182.11","75F red",353,"trawlers",2017-12-26 05:27:29,-53.9233499854369,-64.1257411084614,1
"182.12","75F red",353,"trawlers",2017-12-26 05:30:29,-53.920859539758,-64.1269403144665,1
"182.13","75F red",353,"trawlers",2017-12-26 05:33:29,-53.9183690810672,-64.1281393777409,1
"182.14","75F red",353,"trawlers",2017-12-26 05:36:29,-53.9158786093668,-64.1293382983138,1
"182.15","75F red",353,"trawlers",2017-12-26 05:39:29,-53.9133881246595,-64.1305370762145,1
"182.16","75F red",353,"trawlers",2017-12-26 05:42:29,-53.9108976269476,-64.1317357114723,1
"182.17","75F red",353,"trawlers",2017-12-26 05:45:29,-53.9084071162336,-64.1329342041165,1
"182.18","75F red",353,"trawlers",2017-12-26 05:48:29,-53.90591659252,-64.1341325541765,1
"182.19","75F red",353,"trawlers",2017-12-26 05:51:29,-53.9034260558092,-64.1353307616814,1
"182.20","75F red",353,"trawlers",2017-12-26 05:54:29,-53.9009355061038,-64.1365288266606,1
"182.21","75F red",353,"trawlers",2017-12-26 05:57:29,-53.8984449434061,-64.1377267491433,1
"182.22","75F red",353,"trawlers",2017-12-26 06:00:29,-53.8959543677188,-64.1389245291588,1
"182.23","75F red",353,"trawlers",2017-12-26 06:03:29,-53.8934637790441,-64.1401221667363,1
"182.24","75F red",353,"trawlers",2017-12-26 06:06:29,-53.8909731773847,-64.141319661905,1
"182.25","75F red",353,"trawlers",2017-12-26 06:09:29,-53.8884825627429,-64.1425170146942,1
"182.26","75F red",353,"trawlers",2017-12-26 06:12:29,-53.8859919351212,-64.1437142251331,1
"182.27","75F red",353,"trawlers",2017-12-26 06:15:29,-53.8835012945221,-64.1449112932509,1
"182.28","75F red",353,"trawlers",2017-12-26 06:18:29,-53.881010640948,-64.1461082190769,1
"182.29","75F red",353,"trawlers",2017-12-26 06:21:29,-53.8785199744015,-64.1473050026402,1
"182.30","75F red",353,"trawlers",2017-12-26 06:24:29,-53.8760292948849,-64.1485016439699,1
"182.31","75F red",353,"trawlers",2017-12-26 06:27:29,-53.8735386024007,-64.1496981430954,1
"182.32","75F red",353,"trawlers",2017-12-26 06:30:29,-53.8710478969515,-64.1508945000458,1
"182.33","75F red",353,"trawlers",2017-12-26 06:33:29,-53.8685571785396,-64.1520907148502,1
"182.34","75F red",353,"trawlers",2017-12-26 06:36:29,-53.8660664471674,-64.1532867875378,1
"182.35","75F red",353,"trawlers",2017-12-26 06:39:29,-53.8635757028376,-64.1544827181377,1
"182.36","75F red",353,"trawlers",2017-12-26 06:42:29,-53.8610849455525,-64.1556785066792,1
"182.37","75F red",353,"trawlers",2017-12-26 06:45:29,-53.8585941753145,-64.1568741531913,1
"182.38","75F red",353,"trawlers",2017-12-26 06:48:29,-53.8561033921262,-64.1580696577033,1
"182.39","75F red",353,"trawlers",2017-12-26 06:51:29,-53.85361259599,-64.159265020244,1
"182.40","75F red",353,"trawlers",2017-12-26 06:54:29,-53.8511217869083,-64.1604602408429,1
"182.41","75F red",353,"trawlers",2017-12-26 06:57:29,-53.8486309648836,-64.1616553195288,1
"182.42","75F red",353,"trawlers",2017-12-26 07:00:29,-53.8461401299183,-64.162850256331,1
"182.43","75F red",353,"trawlers",2017-12-26 07:03:29,-53.843649282015,-64.1640450512785,1
"182.44","75F red",353,"trawlers",2017-12-26 07:06:29,-53.841158421176,-64.1652397044004,1
"182.45","75F red",353,"trawlers",2017-12-26 07:09:29,-53.8386675474039,-64.1664342157258,1
"184","75F red",353,"trawlers",2017-12-26 07:12:29,-53.8363577198341,-64.1670731207873,1
"184.1","75F red",353,"trawlers",2017-12-26 07:15:29,-53.8362991813102,-64.1667973117269,1
"184.2","75F red",353,"trawlers",2017-12-26 07:18:29,-53.8362406421517,-64.1665215034358,1
"184.3","75F red",353,"trawlers",2017-12-26 07:21:29,-53.8361821023587,-64.166245695914,1
"184.4","75F red",353,"trawlers",2017-12-26 07:24:29,-53.8361235619311,-64.1659698891614,1
"184.5","75F red",353,"trawlers",2017-12-26 07:27:29,-53.8360650208689,-64.1656940831781,1
"184.6","75F red",353,"trawlers",2017-12-26 07:30:29,-53.8360064791722,-64.1654182779641,1
"184.7","75F red",353,"trawlers",2017-12-26 07:33:29,-53.8359479368409,-64.1651424735193,1
"184.8","75F red",353,"trawlers",2017-12-26 07:36:29,-53.8358893938751,-64.1648666698439,1
"184.9","75F red",353,"trawlers",2017-12-26 07:39:29,-53.8358308502747,-64.1645908669377,1
"184.10","75F red",353,"trawlers",2017-12-26 07:42:29,-53.8357723060398,-64.1643150648009,1
"184.11","75F red",353,"trawlers",2017-12-26 07:45:29,-53.8357137611703,-64.1640392634333,1
"184.12","75F red",353,"trawlers",2017-12-26 07:48:29,-53.8356552156663,-64.163763462835,1
"184.13","75F red",353,"trawlers",2017-12-26 07:51:29,-53.8355966695278,-64.1634876630061,1
"184.14","75F red",353,"trawlers",2017-12-26 07:54:29,-53.8355381227547,-64.1632118639465,1
"184.15","75F red",353,"trawlers",2017-12-26 07:57:29,-53.8354795753471,-64.1629360656562,1
"184.16","75F red",353,"trawlers",2017-12-26 08:00:29,-53.835421027305,-64.1626602681352,1
"184.17","75F red",353,"trawlers",2017-12-26 08:03:29,-53.8353624786283,-64.1623844713835,1
"184.18","75F red",353,"trawlers",2017-12-26 08:06:29,-53.8353039293171,-64.1621086754012,1
"184.19","75F red",353,"trawlers",2017-12-26 08:09:29,-53.8352453793714,-64.1618328801882,1
"184.20","75F red",353,"trawlers",2017-12-26 08:12:29,-53.8351868287912,-64.1615570857445,1
"184.21","75F red",353,"trawlers",2017-12-26 08:15:29,-53.8351282775765,-64.1612812920702,1
"184.22","75F red",353,"trawlers",2017-12-26 08:18:29,-53.8350697257273,-64.1610054991653,1
"184.23","75F red",353,"trawlers",2017-12-26 08:21:29,-53.8350111732436,-64.1607297070297,1
"184.24","75F red",353,"trawlers",2017-12-26 08:24:29,-53.8349526201253,-64.1604539156635,1
"184.25","75F red",353,"trawlers",2017-12-26 08:27:29,-53.8348940663726,-64.1601781250666,1
"184.26","75F red",353,"trawlers",2017-12-26 08:30:29,-53.8348355119854,-64.1599023352391,1
"184.27","75F red",353,"trawlers",2017-12-26 08:33:29,-53.8347769569637,-64.159626546181,1
"184.28","75F red",353,"trawlers",2017-12-26 08:36:29,-53.8347184013074,-64.1593507578922,1
"184.29","75F red",353,"trawlers",2017-12-26 08:39:29,-53.8346598450168,-64.1590749703729,1
"184.30","75F red",353,"trawlers",2017-12-26 08:42:29,-53.8346012880916,-64.1587991836229,1
"184.31","75F red",353,"trawlers",2017-12-26 08:45:29,-53.8345427305319,-64.1585233976423,1
"184.32","75F red",353,"trawlers",2017-12-26 08:48:29,-53.8344841723378,-64.1582476124311,1
"184.33","75F red",353,"trawlers",2017-12-26 08:51:29,-53.8344256135092,-64.1579718279893,1
"184.34","75F red",353,"trawlers",2017-12-26 08:54:29,-53.8343670540461,-64.1576960443169,1
"184.35","75F red",353,"trawlers",2017-12-26 08:57:29,-53.8343084939486,-64.157420261414,1
"184.36","75F red",353,"trawlers",2017-12-26 09:00:29,-53.8342499332166,-64.1571444792804,1
"184.37","75F red",353,"trawlers",2017-12-26 09:03:29,-53.8341913718501,-64.1568686979163,1
"184.38","75F red",353,"trawlers",2017-12-26 09:06:29,-53.8341328098492,-64.1565929173216,1
"184.39","75F red",353,"trawlers",2017-12-26 09:09:29,-53.8340742472138,-64.1563171374963,1
"184.40","75F red",353,"trawlers",2017-12-26 09:12:29,-53.8340156839439,-64.1560413584404,1
"184.41","75F red",353,"trawlers",2017-12-26 09:15:29,-53.8339571200396,-64.155765580154,1
"184.42","75F red",353,"trawlers",2017-12-26 09:18:29,-53.8338985555009,-64.155489802637,1
"184.43","75F red",353,"trawlers",2017-12-26 09:21:29,-53.8338399903277,-64.1552140258895,1
"184.44","75F red",353,"trawlers",2017-12-26 09:24:29,-53.8337814245201,-64.1549382499114,1
"184.45","75F red",353,"trawlers",2017-12-26 09:27:29,-53.8337228580781,-64.1546624747028,1
"184.46","75F red",353,"trawlers",2017-12-26 09:30:29,-53.8336642910016,-64.1543867002637,1
"184.47","75F red",353,"trawlers",2017-12-26 09:33:29,-53.8336057232907,-64.154110926594,1
"184.48","75F red",353,"trawlers",2017-12-26 09:36:29,-53.8335471549454,-64.1538351536937,1
"184.49","75F red",353,"trawlers",2017-12-26 09:39:29,-53.8334885859656,-64.153559381563,1
"184.50","75F red",353,"trawlers",2017-12-26 09:42:29,-53.8334300163514,-64.1532836102017,1
"184.51","75F red",353,"trawlers",2017-12-26 09:45:29,-53.8333714461028,-64.1530078396099,1
"184.52","75F red",353,"trawlers",2017-12-26 09:48:29,-53.8333128752198,-64.1527320697876,1
"184.53","75F red",353,"trawlers",2017-12-26 09:51:29,-53.8332543037024,-64.1524563007348,1
"184.54","75F red",353,"trawlers",2017-12-26 09:54:29,-53.8331957315505,-64.1521805324515,1
"184.55","75F red",353,"trawlers",2017-12-26 09:57:29,-53.8331371587643,-64.1519047649377,1
"184.56","75F red",353,"trawlers",2017-12-26 10:00:29,-53.8330785853436,-64.1516289981933,1
"184.57","75F red",353,"trawlers",2017-12-26 10:03:29,-53.8330200112886,-64.1513532322186,1
"184.58","75F red",353,"trawlers",2017-12-26 10:06:29,-53.8329614365991,-64.1510774670133,1
"184.59","75F red",353,"trawlers",2017-12-26 10:09:29,-53.8329028612753,-64.1508017025775,1
"184.60","75F red",353,"trawlers",2017-12-26 10:12:29,-53.8328442853171,-64.1505259389112,1
"184.61","75F red",353,"trawlers",2017-12-26 10:15:29,-53.8327857087245,-64.1502501760145,1
"184.62","75F red",353,"trawlers",2017-12-26 10:18:29,-53.8327271314975,-64.1499744138873,1
"184.63","75F red",353,"trawlers",2017-12-26 10:21:29,-53.8326685536361,-64.1496986525297,1
"184.64","75F red",353,"trawlers",2017-12-26 10:24:29,-53.8326099751404,-64.1494228919416,1
"184.65","75F red",353,"trawlers",2017-12-26 10:27:29,-53.8325513960102,-64.149147132123,1
"184.66","75F red",353,"trawlers",2017-12-26 10:30:29,-53.8324928162457,-64.148871373074,1
"185","75F red",353,"trawlers",2017-12-26 10:33:29,-53.83242667,-64.14856,1
"186","75F red",353,"trawlers",2017-12-26 10:36:29,-53.8325165862604,-64.1491430253368,1
"186.1","75F red",353,"trawlers",2017-12-26 10:39:29,-53.8296788837805,-64.1497876410014,1
"186.2","75F red",353,"trawlers",2017-12-26 10:42:29,-53.826841176487,-64.1504321695385,1
"186.3","75F red",353,"trawlers",2017-12-26 10:45:29,-53.8240034643806,-64.1510766109691,1
"186.4","75F red",353,"trawlers",2017-12-26 10:48:29,-53.8211657474622,-64.1517209653137,1
"186.5","75F red",353,"trawlers",2017-12-26 10:51:29,-53.8183280257325,-64.1523652325931,1
"187","75F red",353,"trawlers",2017-12-26 10:54:29,-53.8168004539711,-64.1532766770001,1
"187.1","75F red",353,"trawlers",2017-12-26 10:57:29,-53.8167656962701,-64.1544945619511,1
"187.2","75F red",353,"trawlers",2017-12-26 11:00:29,-53.8167309262044,-64.1557124448863,1
"187.3","75F red",353,"trawlers",2017-12-26 11:03:29,-53.8166961437741,-64.156930325805,1
"187.4","75F red",353,"trawlers",2017-12-26 11:06:29,-53.8166613489791,-64.1581482047065,1
"187.5","75F red",353,"trawlers",2017-12-26 11:09:29,-53.8166265418195,-64.1593660815901,1
"187.6","75F red",353,"trawlers",2017-12-26 11:12:29,-53.8165917222953,-64.160583956455,1
"187.7","75F red",353,"trawlers",2017-12-26 11:15:29,-53.8165568904066,-64.1618018293006,1
"187.8","75F red",353,"trawlers",2017-12-26 11:18:29,-53.8165220461533,-64.1630197001262,1
"187.9","75F red",353,"trawlers",2017-12-26 11:21:29,-53.8164871895356,-64.164237568931,1
"187.10","75F red",353,"trawlers",2017-12-26 11:24:29,-53.8164523205535,-64.1654554357143,1
"187.11","75F red",353,"trawlers",2017-12-26 11:27:29,-53.816417439207,-64.1666733004755,1
"187.12","75F red",353,"trawlers",2017-12-26 11:30:29,-53.8163825454961,-64.1678911632137,1
"187.13","75F red",353,"trawlers",2017-12-26 11:33:29,-53.8163476394209,-64.1691090239284,1
"187.14","75F red",353,"trawlers",2017-12-26 11:36:29,-53.8163127209814,-64.1703268826187,1
"187.15","75F red",353,"trawlers",2017-12-26 11:39:29,-53.8162777901776,-64.171544739284,1
"187.16","75F red",353,"trawlers",2017-12-26 11:42:29,-53.8162428470096,-64.1727625939236,1
"187.17","75F red",353,"trawlers",2017-12-26 11:45:29,-53.8162078914775,-64.1739804465367,1
"187.18","75F red",353,"trawlers",2017-12-26 11:48:29,-53.8161729235812,-64.1751982971227,1
"187.19","75F red",353,"trawlers",2017-12-26 11:51:29,-53.8161379433208,-64.1764161456808,1
"187.20","75F red",353,"trawlers",2017-12-26 11:54:29,-53.8161029506963,-64.1776339922103,1
"187.21","75F red",353,"trawlers",2017-12-26 11:57:29,-53.8160679457078,-64.1788518367105,1
"187.22","75F red",353,"trawlers",2017-12-26 12:00:29,-53.8160329283553,-64.1800696791807,1
"187.23","75F red",353,"trawlers",2017-12-26 12:03:29,-53.8159978986388,-64.1812875196202,1
"187.24","75F red",353,"trawlers",2017-12-26 12:06:29,-53.8159628565584,-64.1825053580283,1
"187.25","75F red",353,"trawlers",2017-12-26 12:09:29,-53.8159278021141,-64.1837231944043,1
"187.26","75F red",353,"trawlers",2017-12-26 12:12:29,-53.815892735306,-64.1849410287474,1
"187.27","75F red",353,"trawlers",2017-12-26 12:15:29,-53.815857656134,-64.1861588610569,1
"187.28","75F red",353,"trawlers",2017-12-26 12:18:29,-53.8158225645982,-64.1873766913322,1
"187.29","75F red",353,"trawlers",2017-12-26 12:21:29,-53.8157874606988,-64.1885945195725,1
"187.30","75F red",353,"trawlers",2017-12-26 12:24:29,-53.8157523444356,-64.1898123457771,1
"187.31","75F red",353,"trawlers",2017-12-26 12:27:29,-53.8157172158087,-64.1910301699453,1
"187.32","75F red",353,"trawlers",2017-12-26 12:30:29,-53.8156820748182,-64.1922479920764,1
"187.33","75F red",353,"trawlers",2017-12-26 12:33:29,-53.8156469214641,-64.1934658121697,1
"187.34","75F red",353,"trawlers",2017-12-26 12:36:29,-53.8156117557464,-64.1946836302244,1
"187.35","75F red",353,"trawlers",2017-12-26 12:39:29,-53.8155765776652,-64.1959014462399,1
"187.36","75F red",353,"trawlers",2017-12-26 12:42:29,-53.8155413872205,-64.1971192602154,1
"187.37","75F red",353,"trawlers",2017-12-26 12:45:29,-53.8155061844124,-64.1983370721503,1
"187.38","75F red",353,"trawlers",2017-12-26 12:48:29,-53.8154709692408,-64.1995548820438,1
"187.39","75F red",353,"trawlers",2017-12-26 12:51:29,-53.8154357417059,-64.2007726898952,1
"187.40","75F red",353,"trawlers",2017-12-26 12:54:29,-53.8154005018076,-64.2019904957039,1
"187.41","75F red",353,"trawlers",2017-12-26 12:57:29,-53.815365249546,-64.203208299469,1
"187.42","75F red",353,"trawlers",2017-12-26 13:00:29,-53.8153299849211,-64.2044261011899,1
"187.43","75F red",353,"trawlers",2017-12-26 13:03:29,-53.815294707933,-64.2056439008658,1
"187.44","75F red",353,"trawlers",2017-12-26 13:06:29,-53.8152594185817,-64.2068616984961,1
"187.45","75F red",353,"trawlers",2017-12-26 13:09:29,-53.8152241168672,-64.2080794940801,1
"187.46","75F red",353,"trawlers",2017-12-26 13:12:29,-53.8151888027897,-64.209297287617,1
"187.47","75F red",353,"trawlers",2017-12-26 13:15:29,-53.815153476349,-64.2105150791061,1
"187.48","75F red",353,"trawlers",2017-12-26 13:18:29,-53.8151181375452,-64.2117328685468,1
"187.49","75F red",353,"trawlers",2017-12-26 13:21:29,-53.8150827863785,-64.2129506559383,1
"187.50","75F red",353,"trawlers",2017-12-26 13:24:29,-53.8150474228488,-64.2141684412798,1
"187.51","75F red",353,"trawlers",2017-12-26 13:27:29,-53.8150120469561,-64.2153862245708,1
"187.52","75F red",353,"trawlers",2017-12-26 13:30:29,-53.8149766587005,-64.2166040058104,1
"187.53","75F red",353,"trawlers",2017-12-26 13:33:29,-53.8149412580821,-64.2178217849979,1
"187.54","75F red",353,"trawlers",2017-12-26 13:36:29,-53.8149058451008,-64.2190395621328,1
"187.55","75F red",353,"trawlers",2017-12-26 13:39:29,-53.8148704197567,-64.2202573372142,1
"187.56","75F red",353,"trawlers",2017-12-26 13:42:29,-53.8148349820499,-64.2214751102414,1
"187.57","75F red",353,"trawlers",2017-12-26 13:45:29,-53.8147995319803,-64.2226928812137,1
"187.58","75F red",353,"trawlers",2017-12-26 13:48:29,-53.814764069548,-64.2239106501304,1
"187.59","75F red",353,"trawlers",2017-12-26 13:51:29,-53.8147285947531,-64.2251284169909,1
"187.60","75F red",353,"trawlers",2017-12-26 13:54:29,-53.8146931075956,-64.2263461817943,1
"187.61","75F red",353,"trawlers",2017-12-26 13:57:29,-53.8146576080755,-64.22756394454,1
"187.62","75F red",353,"trawlers",2017-12-26 14:00:29,-53.8146220961929,-64.2287817052273,1
"187.63","75F red",353,"trawlers",2017-12-26 14:03:29,-53.8145865719478,-64.2299994638554,1
"187.64","75F red",353,"trawlers",2017-12-26 14:06:29,-53.8145510353402,-64.2312172204237,1
"187.65","75F red",353,"trawlers",2017-12-26 14:09:29,-53.8145154863701,-64.2324349749314,1
"187.66","75F red",353,"trawlers",2017-12-26 14:12:29,-53.8144799250377,-64.2336527273778,1
"187.67","75F red",353,"trawlers",2017-12-26 14:15:29,-53.8144443513429,-64.2348704777623,1
"187.68","75F red",353,"trawlers",2017-12-26 14:18:29,-53.8144087652858,-64.236088226084,1
"187.69","75F red",353,"trawlers",2017-12-26 14:21:29,-53.8143731668664,-64.2373059723424,1
"187.70","75F red",353,"trawlers",2017-12-26 14:24:29,-53.8143375560848,-64.2385237165366,1
"187.71","75F red",353,"trawlers",2017-12-26 14:27:29,-53.814301932941,-64.2397414586661,1
"187.72","75F red",353,"trawlers",2017-12-26 14:30:29,-53.814266297435,-64.2409591987299,1
"187.73","75F red",353,"trawlers",2017-12-26 14:33:29,-53.8142306495668,-64.2421769367276,1
"187.74","75F red",353,"trawlers",2017-12-26 14:36:29,-53.8141949893366,-64.2433946726583,1
"187.75","75F red",353,"trawlers",2017-12-26 14:39:29,-53.8141593167443,-64.2446124065213,1
"187.76","75F red",353,"trawlers",2017-12-26 14:42:29,-53.8141236317899,-64.2458301383159,1
"187.77","75F red",353,"trawlers",2017-12-26 14:45:29,-53.8140879344736,-64.2470478680414,1
"190","75F red",353,"trawlers",2017-12-26 14:48:29,-53.8145670994558,-64.2498413276266,1
"193","75F red",353,"trawlers",2017-12-26 14:51:29,-53.8162984667442,-64.2522458091252,1
"196","75F red",353,"trawlers",2017-12-26 14:54:29,-53.8182535096072,-64.2521415198404,1
"198","75F red",353,"trawlers",2017-12-26 14:57:29,-53.8204175602022,-64.2518039610873,1
"199","75F red",353,"trawlers",2017-12-26 15:00:29,-53.8200750097806,-64.2542556202371,1
"199.1","75F red",353,"trawlers",2017-12-26 15:03:29,-53.815909520446,-64.2588333162077,1
"199.2","75F red",353,"trawlers",2017-12-26 15:06:29,-53.8117438535469,-64.2634101044098,1
"199.3","75F red",353,"trawlers",2017-12-26 15:09:29,-53.8075780091442,-64.2679859851234,1
"200","75F red",353,"trawlers",2017-12-26 15:12:29,-53.8031194022848,-64.2724105999307,1
"202","75F red",353,"trawlers",2017-12-26 15:15:29,-53.7945169853791,-64.2744794838918,1
"204","75F red",353,"trawlers",2017-12-26 15:18:29,-53.7850603864934,-64.2760947153961,1
"206","75F red",353,"trawlers",2017-12-26 15:21:29,-53.7759066273839,-64.2772333402785,1
"209","75F red",353,"trawlers",2017-12-26 15:24:29,-53.7666969404102,-64.2785943262459,1
"211","75F red",353,"trawlers",2017-12-26 15:27:29,-53.7575778515344,-64.279937963075,1
"212","75F red",353,"trawlers",2017-12-26 15:30:29,-53.7516251479534,-64.2807202946767,1
"212.1","75F red",353,"trawlers",2017-12-26 15:33:29,-53.7508849483791,-64.2806883023423,1
"212.2","75F red",353,"trawlers",2017-12-26 15:36:29,-53.7501447487043,-64.2806563111327,1
"212.3","75F red",353,"trawlers",2017-12-26 15:39:29,-53.749404548929,-64.2806243210477,1
"212.4","75F red",353,"trawlers",2017-12-26 15:42:29,-53.7486643490531,-64.2805923320872,1
"215","75F red",353,"trawlers",2017-12-26 15:45:29,-53.7518045790659,-64.2805793411875,1
"215.1","75F red",353,"trawlers",2017-12-26 15:48:29,-53.7555111478665,-64.2805099035745,1
"215.2","75F red",353,"trawlers",2017-12-26 15:51:29,-53.7592177143205,-64.2804404537339,1
"215.3","75F red",353,"trawlers",2017-12-26 15:54:29,-53.7629242784282,-64.2803709916621,1
"215.4","75F red",353,"trawlers",2017-12-26 15:57:29,-53.7666308401895,-64.2803015173551,1
"215.5","75F red",353,"trawlers",2017-12-26 16:00:29,-53.7703373996046,-64.2802320308093,1
"215.6","75F red",353,"trawlers",2017-12-26 16:03:29,-53.7740439566735,-64.2801625320206,1
"215.7","75F red",353,"trawlers",2017-12-26 16:06:29,-53.7777505113964,-64.2800930209854,1
"216","75F red",353,"trawlers",2017-12-26 16:09:29,-53.78148544488,-64.2801378905104,1
"217","75F red",353,"trawlers",2017-12-26 16:12:29,-53.785275211081,-64.2803243791813,1
"219","75F red",353,"trawlers",2017-12-26 16:15:29,-53.7890982936721,-64.2803363904558,1
"219.1","75F red",353,"trawlers",2017-12-26 16:18:29,-53.7928989229556,-64.2803238862482,1
"221","75F red",353,"trawlers",2017-12-26 16:21:29,-53.7966302807516,-64.2804333535942,1
"223","75F red",353,"trawlers",2017-12-26 16:24:29,-53.7999883928033,-64.2824650969583,1
"227","75F red",353,"trawlers",2017-12-26 16:27:29,-53.8026795582102,-64.2876989266662,1
"230","75F red",353,"trawlers",2017-12-26 16:30:29,-53.8032745290522,-64.2940104291632,1
"232","75F red",353,"trawlers",2017-12-26 16:33:29,-53.8009746158224,-64.2983240170857,1
"232.1","75F red",353,"trawlers",2017-12-26 16:36:29,-53.7980523601441,-64.2996003592588,1
"232.2","75F red",353,"trawlers",2017-12-26 16:39:29,-53.795130089452,-64.3008765239856,1
"232.3","75F red",353,"trawlers",2017-12-26 16:42:29,-53.7922078037493,-64.3021525113086,1
"232.4","75F red",353,"trawlers",2017-12-26 16:45:29,-53.7892855030394,-64.3034283212708,1
"232.5","75F red",353,"trawlers",2017-12-26 16:48:29,-53.7863631873255,-64.3047039539149,1
"232.6","75F red",353,"trawlers",2017-12-26 16:51:29,-53.7834408566108,-64.3059794092836,1
"232.7","75F red",353,"trawlers",2017-12-26 16:54:29,-53.7805185108987,-64.3072546874197,1
"232.8","75F red",353,"trawlers",2017-12-26 16:57:29,-53.7775961501923,-64.308529788366,1
"232.9","75F red",353,"trawlers",2017-12-26 17:00:29,-53.7746737744951,-64.3098047121651,1
"232.10","75F red",353,"trawlers",2017-12-26 17:03:29,-53.7717513838101,-64.3110794588598,1
"232.11","75F red",353,"trawlers",2017-12-26 17:06:29,-53.7688289781408,-64.3123540284927,1
"232.12","75F red",353,"trawlers",2017-12-26 17:09:29,-53.7659065574903,-64.3136284211067,1
"232.13","75F red",353,"trawlers",2017-12-26 17:12:29,-53.762984121862,-64.3149026367442,1
"232.14","75F red",353,"trawlers",2017-12-26 17:15:29,-53.760061671259,-64.316176675448,1
"232.15","75F red",353,"trawlers",2017-12-26 17:18:29,-53.7571392056846,-64.3174505372607,1
"232.16","75F red",353,"trawlers",2017-12-26 17:21:29,-53.7542167251421,-64.3187242222249,1
"232.17","75F red",353,"trawlers",2017-12-26 17:24:29,-53.7512942296348,-64.3199977303833,1
"232.18","75F red",353,"trawlers",2017-12-26 17:27:29,-53.7483717191659,-64.3212710617785,1
"232.19","75F red",353,"trawlers",2017-12-26 17:30:29,-53.7454491937387,-64.3225442164531,1
"232.20","75F red",353,"trawlers",2017-12-26 17:33:29,-53.7425266533564,-64.3238171944495,1
"232.21","75F red",353,"trawlers",2017-12-26 17:36:29,-53.7396040980222,-64.3250899958105,1
"232.22","75F red",353,"trawlers",2017-12-26 17:39:29,-53.7366815277395,-64.3263626205785,1
"232.23","75F red",353,"trawlers",2017-12-26 17:42:29,-53.7337589425115,-64.3276350687961,1
"232.24","75F red",353,"trawlers",2017-12-26 17:45:29,-53.7308363423413,-64.3289073405058,1
"232.25","75F red",353,"trawlers",2017-12-26 17:48:29,-53.7279137272324,-64.3301794357502,1
"232.26","75F red",353,"trawlers",2017-12-26 17:51:29,-53.7249910971878,-64.3314513545716,1
"232.27","75F red",353,"trawlers",2017-12-26 17:54:29,-53.722068452211,-64.3327230970127,1
"233","75F red",353,"trawlers",2017-12-26 17:57:29,-53.7198321795572,-64.3339072390945,1
"235","75F red",353,"trawlers",2017-12-26 18:00:29,-53.7235968806075,-64.333943796339,1
"238","75F red",353,"trawlers",2017-12-26 18:03:29,-53.7272982266564,-64.333468227531,1
"238.1","75F red",353,"trawlers",2017-12-26 18:06:29,-53.7307975148902,-64.3313450750104,1
"238.2","75F red",353,"trawlers",2017-12-26 18:09:29,-53.7342967634481,-64.3292215698485,1
"238.3","75F red",353,"trawlers",2017-12-26 18:12:29,-53.7377959723193,-64.3270977119455,1
"238.4","75F red",353,"trawlers",2017-12-26 18:15:29,-53.7412951414928,-64.3249735012014,1
"238.5","75F red",353,"trawlers",2017-12-26 18:18:29,-53.7447942709577,-64.3228489375163,1
"238.6","75F red",353,"trawlers",2017-12-26 18:21:29,-53.7482933607031,-64.3207240207902,1
"238.7","75F red",353,"trawlers",2017-12-26 18:24:29,-53.751792410718,-64.318598750923,1
"238.8","75F red",353,"trawlers",2017-12-26 18:27:29,-53.7552914209915,-64.3164731278149,1
"238.9","75F red",353,"trawlers",2017-12-26 18:30:29,-53.7587903915128,-64.3143471513655,1
"241","75F red",353,"trawlers",2017-12-26 18:33:29,-53.7621702211424,-64.3107290721223,1
"243","75F red",353,"trawlers",2017-12-26 18:36:29,-53.7653844567379,-64.3066712426381,1
